feature,coefficient,t_value,abs_t_value
C(continent)[T.Europe],30.300784802106538,40.823512442615616,40.823512442615616
C(species)[T.Prunus x jamasakura],41.24334948142943,27.07292537468121,27.07292537468121
C(continent)[T.North America],15.764089435518352,26.12129775504322,26.12129775504322
C(species)[T.Prunus x yedoensis],15.764089435518326,26.121297755043177,26.121297755043177
mean_tmax_early_spring,-3.136181364868651,-9.507127588705252,9.507127588705252
