feature,coefficient,t_value,abs_t_value
observed_gdd_to_bloom,-0.11407103995285997,-12.333406957979616,12.333406957979616
C(species)[T.Prunus x yedoensis],-3.088670155561241,-2.2186604972951294,2.2186604972951294
C(species)[T.Prunus x jamasakura],-2.029679443691223,-0.9762403537512114,0.9762403537512114
chill_days_oct1_dec31,-0.045626481858652757,-0.7103877499807936,0.7103877499807936
total_prcp_early_spring,-0.001253526872800114,-0.15384236432218368,0.15384236432218368
