feature,coefficient,t_value,abs_t_value
observed_gdd_to_bloom,-0.11444455837788747,-11.58035547787481,11.58035547787481
C(species)[T.Prunus x yedoensis],-2.8605144719709372,-1.9499411589339042,1.9499411589339042
chill_days_oct1_dec31,-0.09188452211070275,-1.3910933083370713,1.3910933083370713
C(species)[T.Prunus x jamasakura],-2.4205934387905756,-1.1532864523692254,1.1532864523692254
total_prcp_early_spring,-0.008797100059603838,-1.0558188272351314,1.0558188272351314
