feature,coefficient,t_value,abs_t_value
C(continent)[T.Europe],29.43849074014492,40.581666689244216,40.581666689244216
C(species)[T.Prunus x jamasakura],41.69868593788084,27.99862036828292,27.99862036828292
C(continent)[T.North America],15.925744931485724,27.00186111241829,27.00186111241829
C(species)[T.Prunus x yedoensis],15.925744931485706,27.001861112418272,27.001861112418272
mean_tmax_early_spring,-3.1971436277248926,-9.925037077662967,9.925037077662967
