feature,coefficient,weight_percent
pred_weighted_lm,0.44893952440395346,53.3
pred_linear_ols,0.37291098771587744,44.2
pred_bayesian_ridge,0.02549063392962255,3.0
pred_ridge,0.030848484538616678,3.7
pred_lasso,-0.0352367129714238,-4.2
