term,estimate,conf_low_90,conf_high_90,model
(Intercept),106.53907304004926,100.44869062897165,113.22155805666674,lasso
mean_tmax_adj_prebloom,-1.8619376864784605,-2.5254073352053146,-1.2272826094585298,lasso
total_prcp_prebloom,0.030949077329056537,0.015181472958349693,0.046919430360791416,lasso
