n,mae,rmse,split,model
24,6.624890937818587,8.060207759673787,validation,linear
15,7.586723764143728,9.451616270861104,test,linear
24,6.6187066596036574,8.051687470439255,validation,lasso
15,7.589761156023427,9.44814730027364,test,lasso
